:START_ID,:END_ID,:TYPE
dieu_104_2024,dieu_91_2013,GIU_NGUYEN
dieu_81_2024,dieu_64_2013,SUA_DOI_BO_SUNG
dieu_32_2024,dieu_54_2013,SUA_DOI_BO_SUNG
dieu_26_2024,dieu_166_2013,SUA_DOI_BO_SUNG
dieu_95_2024,dieu_75_2013,THAY_THE_HOAN_TOAN
dieu_260_2024,dieu_210_2013,THAY_THE_HOAN_TOAN
dieu_182_2024,dieu_134_2013,SUA_DOI_BO_SUNG
dieu_131_2024,dieu_95_2013,SUA_DOI_BO_SUNG
dieu_241_2024,dieu_208_2013,SUA_DOI_BO_SUNG
dieu_255_2024,dieu_60_2013,SUA_DOI_BO_SUNG
dieu_125_2024,dieu_118_2013,THAY_THE_HOAN_TOAN
dieu_69_2024,dieu_42_2013,SUA_DOI_BO_SUNG
dieu_196_2024,dieu_144_2013,SUA_DOI_BO_SUNG
dieu_13_2024,dieu_13_2013,SUA_DOI_BO_SUNG
dieu_45_2024,dieu_188_2013,SUA_DOI_BO_SUNG
dieu_109_2024,dieu_84_2013,SUA_DOI_BO_SUNG
dieu_203_2024,dieu_151_2013,THAY_THE_HOAN_TOAN
dieu_173_2024,dieu_127_2013,SUA_DOI_BO_SUNG
dieu_167_2024,dieu_123_2013,SUA_DOI_BO_SUNG
dieu_98_2024,dieu_79_2013,SUA_DOI_BO_SUNG
dieu_51_2024,dieu_32_2013,SUA_DOI_BO_SUNG
dieu_236_2024,dieu_203_2013,SUA_DOI_BO_SUNG
dieu_70_2024,dieu_43_2013,THAY_THE_HOAN_TOAN
dieu_64_2024,dieu_38_2013,SUA_DOI_BO_SUNG
dieu_128_2024,dieu_96_2013,SUA_DOI_BO_SUNG
dieu_258_2024,dieu_210_2013,SUA_DOI_BO_SUNG
dieu_222_2024,dieu_165_2013,SUA_DOI_BO_SUNG
dieu_152_2024,dieu_106_2013,SUA_DOI_BO_SUNG
dieu_137_2024,dieu_100_2013,THAY_THE_HOAN_TOAN
dieu_184_2024,dieu_135_2013,THAY_THE_HOAN_TOAN
dieu_159_2024,dieu_114_2013,SUA_DOI_BO_SUNG
dieu_15_2024,dieu_26_2013,SUA_DOI_BO_SUNG
dieu_123_2024,dieu_59_2013,SUA_DOI_BO_SUNG
dieu_253_2024,dieu_51_2013,THAY_THE_HOAN_TOAN
dieu_208_2024,dieu_156_2013,THAY_THE_HOAN_TOAN
dieu_34_2024,dieu_175_2013,SUA_DOI_BO_SUNG
dieu_102_2024,dieu_89_2013,SUA_DOI_BO_SUNG
dieu_87_2024,dieu_69_2013,THAY_THE_HOAN_TOAN
dieu_20_2024,dieu_58_2013,SUA_DOI_BO_SUNG
dieu_76_2024,dieu_49_2013,SUA_DOI_BO_SUNG
dieu_230_2024,dieu_198_2013,GIU_NGUYEN
dieu_140_2024,dieu_135_2013,SUA_DOI_BO_SUNG
dieu_189_2024,dieu_140_2013,SUA_DOI_BO_SUNG
dieu_6_2024,dieu_7_2013,SUA_DOI_BO_SUNG
dieu_18_2024,dieu_28_2013,GIU_NGUYEN
dieu_62_2024,dieu_37_2013,SUA_DOI_BO_SUNG
dieu_39_2024,dieu_181_2013,THAY_THE_HOAN_TOAN
dieu_205_2024,dieu_152_2013,SUA_DOI_BO_SUNG
dieu_57_2024,dieu_34_2013,GIU_NGUYEN
dieu_161_2024,dieu_114_2013,THAY_THE_HOAN_TOAN
dieu_27_2024,dieu_167_2013,SUA_DOI_BO_SUNG
dieu_94_2024,dieu_93_2013,SUA_DOI_BO_SUNG
dieu_105_2024,dieu_92_2013,SUA_DOI_BO_SUNG
dieu_49_2024,dieu_29_2013,SUA_DOI_BO_SUNG
dieu_80_2024,dieu_63_2013,SUA_DOI_BO_SUNG
dieu_33_2024,dieu_174_2013,SUA_DOI_BO_SUNG
dieu_124_2024,dieu_118_2013,THAY_THE_HOAN_TOAN
dieu_68_2024,dieu_41_2013,SUA_DOI_BO_SUNG
dieu_197_2024,dieu_145_2013,SUA_DOI_BO_SUNG
dieu_12_2024,dieu_4_2013,GIU_NGUYEN
dieu_240_2024,dieu_207_2013,SUA_DOI_BO_SUNG
dieu_130_2024,dieu_96_2013,SUA_DOI_BO_SUNG
dieu_216_2024,dieu_161_2013,SUA_DOI_BO_SUNG
dieu_166_2024,dieu_122_2013,SUA_DOI_BO_SUNG
dieu_99_2024,dieu_80_2013,SUA_DOI_BO_SUNG
dieu_50_2024,dieu_31_2013,SUA_DOI_BO_SUNG
dieu_44_2024,dieu_186_2013,SUA_DOI_BO_SUNG
dieu_108_2024,dieu_83_2013,SUA_DOI_BO_SUNG
dieu_172_2024,dieu_126_2013,SUA_DOI_BO_SUNG
dieu_202_2024,dieu_149_2013,SUA_DOI_BO_SUNG
dieu_65_2024,dieu_39_2013,THAY_THE_HOAN_TOAN
dieu_153_2024,dieu_107_2013,SUA_DOI_BO_SUNG
dieu_237_2024,dieu_204_2013,SUA_DOI_BO_SUNG
dieu_1_2024,dieu_1_2013,SUA_DOI_BO_SUNG
dieu_71_2024,dieu_44_2013,SUA_DOI_BO_SUNG
dieu_191_2024,dieu_141_2013,SUA_DOI_BO_SUNG
dieu_158_2024,dieu_112_2013,THAY_THE_HOAN_TOAN
dieu_14_2024,dieu_21_2013,SUA_DOI_BO_SUNG
dieu_252_2024,dieu_211_2013,THAY_THE_HOAN_TOAN
dieu_122_2024,dieu_58_2013,SUA_DOI_BO_SUNG
dieu_136_2024,dieu_105_2013,SUA_DOI_BO_SUNG
dieu_185_2024,dieu_136_2013,SUA_DOI_BO_SUNG
dieu_92_2024,dieu_87_2013,THAY_THE_HOAN_TOAN
dieu_21_2024,dieu_23_2013,SUA_DOI_BO_SUNG
dieu_179_2024,dieu_132_2013,SUA_DOI_BO_SUNG
dieu_35_2024,dieu_176_2013,THAY_THE_HOAN_TOAN
dieu_103_2024,dieu_90_2013,SUA_DOI_BO_SUNG
dieu_86_2024,dieu_68_2013,SUA_DOI_BO_SUNG
dieu_225_2024,dieu_196_2013,SUA_DOI_BO_SUNG
dieu_155_2024,dieu_108_2013,SUA_DOI_BO_SUNG
dieu_77_2024,dieu_50_2013,SUA_DOI_BO_SUNG
dieu_141_2024,dieu_103_2013,SUA_DOI_BO_SUNG
dieu_188_2024,dieu_139_2013,SUA_DOI_BO_SUNG
dieu_231_2024,dieu_199_2013,GIU_NGUYEN
dieu_7_2024,dieu_8_2013,SUA_DOI_BO_SUNG
dieu_56_2024,dieu_136_2013,SUA_DOI_BO_SUNG
dieu_160_2024,dieu_114_2013,SUA_DOI_BO_SUNG
dieu_210_2024,dieu_157_2013,SUA_DOI_BO_SUNG
dieu_38_2024,dieu_180_2013,SUA_DOI_BO_SUNG
dieu_204_2024,dieu_150_2013,THAY_THE_HOAN_TOAN
dieu_174_2024,dieu_128_2013,SUA_DOI_BO_SUNG
dieu_180_2024,dieu_133_2013,SUA_DOI_BO_SUNG
dieu_149_2024,dieu_104_2013,SUA_DOI_BO_SUNG
dieu_133_2024,dieu_95_2013,SUA_DOI_BO_SUNG
dieu_257_2024,dieu_210_2013,SUA_DOI_BO_SUNG
dieu_83_2024,dieu_66_2013,SUA_DOI_BO_SUNG
dieu_106_2024,dieu_94_2013,SUA_DOI_BO_SUNG
dieu_30_2024,dieu_172_2013,SUA_DOI_BO_SUNG
dieu_168_2024,dieu_124_2013,SUA_DOI_BO_SUNG
dieu_24_2024,dieu_28_2013,SUA_DOI_BO_SUNG
dieu_97_2024,dieu_78_2013,SUA_DOI_BO_SUNG
dieu_2_2024,dieu_2_2013,GIU_NGUYEN
dieu_72_2024,dieu_45_2013,THAY_THE_HOAN_TOAN
dieu_66_2024,dieu_40_2013,THAY_THE_HOAN_TOAN
dieu_199_2024,dieu_147_2013,SUA_DOI_BO_SUNG
dieu_47_2024,dieu_190_2013,SUA_DOI_BO_SUNG
dieu_171_2024,dieu_125_2013,SUA_DOI_BO_SUNG
dieu_29_2024,dieu_171_2013,SUA_DOI_BO_SUNG
dieu_165_2024,dieu_121_2013,SUA_DOI_BO_SUNG
dieu_215_2024,dieu_163_2013,SUA_DOI_BO_SUNG
dieu_53_2024,dieu_56_2013,SUA_DOI_BO_SUNG
dieu_36_2024,dieu_177_2013,SUA_DOI_BO_SUNG
dieu_85_2024,dieu_67_2013,SUA_DOI_BO_SUNG
dieu_100_2024,dieu_81_2013,SUA_DOI_BO_SUNG
dieu_58_2024,dieu_34_2013,SUA_DOI_BO_SUNG
dieu_91_2024,dieu_74_2013,THAY_THE_HOAN_TOAN
dieu_22_2024,dieu_24_2013,SUA_DOI_BO_SUNG
dieu_135_2024,dieu_98_2013,SUA_DOI_BO_SUNG
dieu_79_2024,dieu_62_2013,THAY_THE_HOAN_TOAN
dieu_186_2024,dieu_137_2013,SUA_DOI_BO_SUNG
dieu_9_2024,dieu_10_2013,SUA_DOI_BO_SUNG
dieu_17_2024,dieu_26_2013,SUA_DOI_BO_SUNG
dieu_121_2024,dieu_57_2013,SUA_DOI_BO_SUNG
dieu_251_2024,dieu_211_2013,SUA_DOI_BO_SUNG
dieu_177_2024,dieu_130_2013,SUA_DOI_BO_SUNG
dieu_88_2024,dieu_70_2013,THAY_THE_HOAN_TOAN
dieu_41_2024,dieu_183_2013,SUA_DOI_BO_SUNG
dieu_55_2024,dieu_33_2013,SUA_DOI_BO_SUNG
dieu_213_2024,dieu_159_2013,SUA_DOI_BO_SUNG
dieu_163_2024,dieu_28_2013,SUA_DOI_BO_SUNG
dieu_74_2024,dieu_47_2013,THAY_THE_HOAN_TOAN
dieu_138_2024,dieu_101_2013,THAY_THE_HOAN_TOAN
dieu_4_2024,dieu_5_2013,THAY_THE_HOAN_TOAN
dieu_232_2024,dieu_200_2013,SUA_DOI_BO_SUNG
dieu_142_2024,dieu_102_2013,SUA_DOI_BO_SUNG
dieu_156_2024,dieu_109_2013,SUA_DOI_BO_SUNG
dieu_226_2024,dieu_197_2013,SUA_DOI_BO_SUNG
dieu_60_2024,dieu_35_2013,SUA_DOI_BO_SUNG
dieu_126_2024,dieu_126_2013,SUA_DOI_BO_SUNG
dieu_256_2024,dieu_210_2013,SUA_DOI_BO_SUNG
dieu_10_2024,dieu_11_2013,SUA_DOI_BO_SUNG
dieu_195_2024,dieu_143_2013,SUA_DOI_BO_SUNG
dieu_148_2024,dieu_104_2013,SUA_DOI_BO_SUNG
dieu_238_2024,dieu_205_2013,GIU_NGUYEN
dieu_132_2024,dieu_95_2013,SUA_DOI_BO_SUNG
dieu_169_2024,dieu_122_2013,SUA_DOI_BO_SUNG
dieu_96_2024,dieu_77_2013,SUA_DOI_BO_SUNG
dieu_82_2024,dieu_65_2013,SUA_DOI_BO_SUNG
dieu_107_2024,dieu_76_2013,SUA_DOI_BO_SUNG
dieu_31_2024,dieu_170_2013,SUA_DOI_BO_SUNG
dieu_67_2024,dieu_40_2013,SUA_DOI_BO_SUNG
dieu_151_2024,dieu_167_2013,SUA_DOI_BO_SUNG
dieu_198_2024,dieu_146_2013,SUA_DOI_BO_SUNG
dieu_221_2024,dieu_164_2013,SUA_DOI_BO_SUNG
dieu_3_2024,dieu_3_2013,SUA_DOI_BO_SUNG
dieu_235_2024,dieu_202_2013,THAY_THE_HOAN_TOAN
dieu_145_2024,dieu_102_2013,SUA_DOI_BO_SUNG
dieu_73_2024,dieu_46_2013,SUA_DOI_BO_SUNG
dieu_28_2024,dieu_169_2013,SUA_DOI_BO_SUNG
dieu_214_2024,dieu_162_2013,THAY_THE_HOAN_TOAN
dieu_164_2024,dieu_120_2013,SUA_DOI_BO_SUNG
dieu_52_2024,dieu_32_2013,SUA_DOI_BO_SUNG
dieu_46_2024,dieu_189_2013,SUA_DOI_BO_SUNG
dieu_170_2024,dieu_124_2013,SUA_DOI_BO_SUNG
dieu_200_2024,dieu_148_2013,THAY_THE_HOAN_TOAN
dieu_59_2024,dieu_34_2013,SUA_DOI_BO_SUNG
dieu_90_2024,dieu_72_2013,SUA_DOI_BO_SUNG
dieu_37_2024,dieu_179_2013,SUA_DOI_BO_SUNG
dieu_84_2024,dieu_61_2013,SUA_DOI_BO_SUNG
dieu_101_2024,dieu_82_2013,SUA_DOI_BO_SUNG
dieu_16_2024,dieu_27_2013,SUA_DOI_BO_SUNG
dieu_120_2024,dieu_56_2013,SUA_DOI_BO_SUNG
dieu_134_2024,dieu_97_2013,SUA_DOI_BO_SUNG
dieu_78_2024,dieu_61_2013,SUA_DOI_BO_SUNG
dieu_187_2024,dieu_138_2013,SUA_DOI_BO_SUNG
dieu_8_2024,dieu_9_2013,SUA_DOI_BO_SUNG
dieu_212_2024,dieu_160_2013,SUA_DOI_BO_SUNG
dieu_206_2024,dieu_153_2013,SUA_DOI_BO_SUNG
dieu_176_2024,dieu_129_2013,SUA_DOI_BO_SUNG
dieu_89_2024,dieu_71_2013,SUA_DOI_BO_SUNG
dieu_40_2024,dieu_182_2013,SUA_DOI_BO_SUNG
dieu_157_2024,dieu_110_2013,SUA_DOI_BO_SUNG
dieu_61_2024,dieu_36_2013,SUA_DOI_BO_SUNG
dieu_75_2024,dieu_48_2013,SUA_DOI_BO_SUNG
dieu_5_2024,dieu_6_2013,SUA_DOI_BO_SUNG
dieu_233_2024,dieu_200_2013,SUA_DOI_BO_SUNG
